"Cluster.Sub-Cluster Number","Peptide Number","Alignment","Position","Description","Peptide"
"1.1","Consensus","KAVXNFATM","-","-","-"
"1.1","1","KALYNFATM","1","seq154","KALYNFATM"
"1.1","2","SAVYNFATM","1","seq309","SAVYNFATM"
"1.1","3","KAVYNFATM","1","seq9","KAVYNFATM"
"1.1","4","KAVSNFATM","1","seq474","KAVSNFATM"
"1.1","5","KAPSNFATM","1","seq475","KAPSNFATM"
"1.1","6","KGPANFATM","1","seq471","KGPANFATM"
"1.1","7","AAVYNFATM","1","seq652","AAVYNFATM"
"1.1","8","KAVANFATM","1","seq150","KAVANFATM"
"1.1","9","KAPFNFATM","1","seq152","KAPFNFATM"
"1.1","10","KAVYNFATC","1","seq473","KAVYNFATC"
"1.1","11","KAVYNLATM","1","seq148","KAVYNLATM"
"1.1","12","KGPSNFATM","1","seq469","KGPSNFATM"
"1.1","13","KAVFNFATM","1","seq149","KAVFNFATM"
"1.1","14","KAPYNFATM","1","seq80","KAPYNFATM"
"1.1","15","KAPANFATM","1","seq153","KAPANFATM"
"1.1","16","-AVYNFATM","2","seq55","AVYNFATM"
"2.1","Consensus","ELAGIGILTV","-","-","-"
"2.1","1","FATGIGIITV","1","seq566","FATGIGIITV"
"2.1","2","ELAGIGILTV","1","seq5","ELAGIGILTV"
"2.1","3","ELAGLGINTV","1","seq177","ELAGLGINTV"
"2.1","4","ELAGWGILTV","1","seq585","ELAGWGILTV"
"2.1","5","ELAGIGALTV","1","seq587","ELAGIGALTV"
"2.1","6","ALAGIGILTV","1","seq647","ALAGIGILTV"
"2.1","7","EAAGIGILTV","1","seq90","EAAGIGILTV"
"2.1","8","ELAAIGILTV","1","seq178","ELAAIGILTV"
"2.1","9","ELAGIGIATV","1","seq586","ELAGIGIATV"
"2.1","10","FLTGIGIITV","1","seq558","FLTGIGIITV"
"2.1","11","-ALGIGILTV","2","seq94","ALGIGILTV"
"2.1","12","-LAGIGILTV","2","seq441","LAGIGILTV"
"2.1","13","-AAGIGILTV","2","seq16","AAGIGILTV"
"3.1","Consensus","NLVPMVATV","-","-","-"
"3.1","1","NLVPMVATV","1","seq20","NLVPMVATV"
"3.1","2","NLVPVVATV","1","seq368","NLVPVVATV"
"3.1","3","NLVPTVATV","1","seq369","NLVPTVATV"
"3.1","4","NLVPSVATV","1","seq370","NLVPSVATV"
"3.1","5","NLVPQVATV","1","seq371","NLVPQVATV"
"3.1","6","NLVPMVHTV","1","seq372","NLVPMVHTV"
"3.1","7","NLVPMVAVV","1","seq373","NLVPMVAVV"
"3.1","8","NLVPMVAAV","1","seq374","NLVPMVAAV"
"3.1","9","NLVPMGATV","1","seq375","NLVPMGATV"
"3.1","10","NLVPMCATV","1","seq376","NLVPMCATV"
"3.1","11","NLVPAVATV","1","seq377","NLVPAVATV"
"4.1","Consensus","SLYNTVATLY","-","-","-"
"4.1","1","SLFNTVATLY","1","seq294","SLFNTVATLY"
"4.1","2","SLANTVATL-","1","seq297","SLANTVATL"
"4.1","3","SLYNTVATL-","1","seq35","SLYNTVATL"
"4.1","4","SLFNTIAVL-","1","seq36","SLFNTIAVL"
"4.1","5","SLYNTIATL-","1","seq65","SLYNTIATL"
"4.1","6","SLYNVVATL-","1","seq288","SLYNVVATL"
"4.1","7","SLYLTVATL-","1","seq289","SLYLTVATL"
"4.1","8","SLFNTVATL-","1","seq295","SLFNTVATL"
"4.1","9","-LYNTVATL-","2","seq392","LYNTVATL"
"4.2","Singleton","ALYNTAAAL","-","seq640","ALYNTAAAL"
"5.1","Consensus","ASNENMETM","-","-","-"
"5.1","1","ASNENMETM","1","seq24","ASNENMETM"
"5.1","2","ASNENIETM","1","seq184","ASNENIETM"
"5.1","3","ASNENWETM","1","seq625","ASNENWETM"
"5.1","4","ASNENTETM","1","seq626","ASNENTETM"
"5.1","5","ASNENAETM","1","seq627","ASNENAETM"
"5.1","6","ASNEHMETM","1","seq628","ASNEHMETM"
"5.1","7","ASNEDMETM","1","seq629","ASNEDMETM"
"5.1","8","ASDENMETM","1","seq632","ASDENMETM"
"5.1","9","ASAENMETM","1","seq633","ASAENMETM"
"6.1","Consensus","XLVVVGADGVGKSAL","-","-","-"
"6.1","1","YLVVVGAVGV-----","1","seq206","YLVVVGAVGV"
"6.1","2","KLVVVGAVGV-----","1","seq460","KLVVVGAVGV"
"6.1","3","--VVVGADGVGK---","3","seq56","VVVGADGVGK"
"6.1","4","--VVVGAGGVGK---","3","seq101","VVVGAGGVGK"
"6.1","5","-----GADGVGKSAL","6","seq46","GADGVGKSAL"
"6.1","6","-----GADGVGKSA-","6","seq47","GADGVGKSA"
"6.1","7","-----GADGVGKSL-","6","seq547","GADGVGKSL"
"6.2","Consensus","KLVVXAVGV","-","-","-"
"6.2","1","KLVVVAVGV","1","seq461","KLVVVAVGV"
"6.2","2","KLVVGAVGV","1","seq462","KLVVGAVGV"
"7.1","Consensus","LPEPLPQGQLTAY","-","-","-"
"7.1","1","LPEPLPQGQLTAY","1","seq4","LPEPLPQGQLTAY"
"7.1","2","LPEPLPQGQATAY","1","seq410","LPEPLPQGQATAY"
"7.1","3","LPEPLPQGALTAY","1","seq411","LPEPLPQGALTAY"
"7.1","4","LPEPLPAGQLTAY","1","seq412","LPEPLPAGQLTAY"
"7.1","5","LPEPLAQGQLTAY","1","seq413","LPEPLAQGQLTAY"
"7.1","6","LPEPAPQGQLTAY","1","seq414","LPEPAPQGQLTAY"
"7.1","7","LPEALPQGQLTAY","1","seq415","LPEALPQGQLTAY"
"7.1","8","--EPLPQGQLTAY","3","seq89","EPLPQGQLTAY"
"8.1","Consensus","VMAPRTLXL","-","-","-"
"8.1","1","VMAPRTVLL","1","seq57","VMAPRTVLL"
"8.1","2","VMAPRTLVL","1","seq239","VMAPRTLVL"
"8.1","3","VMAPRTLIL","1","seq58","VMAPRTLIL"
"8.1","4","VMAPRTLFL","1","seq59","VMAPRTLFL"
"8.1","5","AMAPRTLLL","1","seq189","AMAPRTLLL"
"8.1","6","VTAPRTLLL","1","seq229","VTAPRTLLL"
"8.1","7","VMGPRTLIL","1","seq238","VMGPRTLIL"
"8.1","8","VMAPRALLL","1","seq240","VMAPRALLL"
"9.1","Consensus","LLFGYPVYV","-","-","-"
"9.1","1","LLFGYPVYV","1","seq2","LLFGYPVYV"
"9.1","2","LLFGFPVYV","1","seq78","LLFGFPVYV"
"9.1","3","LLFGKPVYV","1","seq141","LLFGKPVYV"
"9.1","4","LLFGYPVAV","1","seq433","LLFGYPVAV"
"9.1","5","LLFGYPRYV","1","seq434","LLFGYPRYV"
"9.1","6","LLFGYAVYV","1","seq435","LLFGYAVYV"
"9.1","7","-LFGYPVYV","2","seq438","LFGYPVYV"
"10.1","Consensus","IRYPLTFGWCF","-","-","-"
"10.1","1","IRYPKTFGWLW","1","seq481","IRYPKTFGWLW"
"10.1","2","IRYPKTFGW--","1","seq482","IRYPKTFGW"
"10.1","3","-RYPLTLGWCF","2","seq113","RYPLTLGWCF"
"10.1","4","-RYPLTFGWCF","2","seq17","RYPLTFGWCF"
"10.1","5","-RFPLTFGWCF","2","seq29","RFPLTFGWCF"
"10.1","6","-RYPLTFGW--","2","seq18","RYPLTFGW"
"10.1","7","-RFPLTFGW--","2","seq71","RFPLTFGW"
"11.1","Consensus","IGPGRAFYTI","-","-","-"
"11.1","1","IGPGRAFYVI","1","seq507","IGPGRAFYVI"
"11.1","2","RGPGCAFVTI","1","seq342","RGPGCAFVTI"
"11.1","3","RGPGRAFVTI","1","seq14","RGPGRAFVTI"
"11.1","4","IGPGRAFYTI","1","seq509","IGPGRAFYTI"
"11.1","5","IGPGRAFYV-","1","seq508","IGPGRAFYV"
"11.1","6","IGPGRAFYT-","1","seq510","IGPGRAFYT"
"11.1","7","IGPGRAFYA-","1","seq511","IGPGRAFYA"
"12.1","Consensus","LPFDXXTIM","-","-","-"
"12.1","1","LPFERATIM","1","seq405","LPFERATIM"
"12.1","2","LPFDKTTIM","1","seq408","LPFDKTTIM"
"12.1","3","LPFDKSTIM","1","seq409","LPFDKSTIM"
"12.1","4","LPFDRTTIM","1","seq407","LPFDRTTIM"
"12.2","Consensus","LPFEXXTVM","-","-","-"
"12.2","1","LPFEKSTVM","1","seq406","LPFEKSTVM"
"12.2","2","LPFERATVM","1","seq404","LPFERATVM"
"13.1","Consensus","SLLMWITQX","-","-","-"
"13.1","1","SLLMWITQV","1","seq11","SLLMWITQV"
"13.1","2","SLLMWITQC","1","seq12","SLLMWITQC"
"13.1","3","YLLMWITQV","1","seq96","YLLMWITQV"
"13.1","4","SLLMWITQS","1","seq291","SLLMWITQS"
"13.1","5","SLLMWITQL","1","seq292","SLLMWITQL"
"13.1","6","SLLMWITQA","1","seq293","SLLMWITQA"
"14.1","Consensus","KRWIILGLNKIVRM","-","-","-"
"14.1","1","KRWIILGLNKIVRM","1","seq451","KRWIILGLNKIVRM"
"14.1","2","KRWIILGLNKIVR-","1","seq452","KRWIILGLNKIVR"
"14.1","3","KRWIILGLNKI---","1","seq453","KRWIILGLNKI"
"14.1","4","KRWIILGLNK----","1","seq42","KRWIILGLNK"
"14.1","5","KRWIIMGLNK----","1","seq145","KRWIIMGLNK"
"14.1","6","KRWIILGL------","1","seq454","KRWIILGL"
"15.1","Consensus","EEFGXAFSF","-","-","-"
"15.1","1","EEAGRAFSF","1","seq595","EEAGRAFSF"
"15.1","2","EEFGRAFSF","1","seq54","EEFGRAFSF"
"15.1","3","EEFGRAASF","1","seq591","EEFGRAASF"
"15.1","4","EEFGAAFSF","1","seq592","EEFGAAFSF"
"15.1","5","EEFGAAASF","1","seq593","EEFGAAASF"
"15.1","6","EEAGAAFSF","1","seq596","EEAGAAFSF"
"16.1","Consensus","RLPAKAPLLGCG","-","-","-"
"16.1","1","RLPAKAPLLGCG","1","seq337","RLPAKAPLLGCG"
"16.1","2","RLPAKAPLF---","1","seq338","RLPAKAPLF"
"16.1","3","RFPAKAPLL---","1","seq343","RFPAKAPLL"
"16.1","4","RLPAKAPLL---","1","seq128","RLPAKAPLL"
"16.1","5","RQPAKAPLL---","1","seq326","RQPAKAPLL"
"16.1","6","RLPAKAPL----","1","seq129","RLPAKAPL"
"17.1","Consensus","ILAKFLHXL","-","-","-"
"17.1","1","ILAKFLHWL","1","seq156","ILAKFLHWL"
"17.1","2","ILGKFLHWL","1","seq497","ILGKFLHWL"
"17.1","3","ILGKFLHRL","1","seq498","ILGKFLHRL"
"17.1","4","ILAKFLHTL","1","seq502","ILAKFLHTL"
"17.1","5","ILAKFLHRL","1","seq503","ILAKFLHRL"
"17.1","6","ILAKFLHEL","1","seq504","ILAKFLHEL"
"18.1","Consensus","FAPGNYPAL","-","-","-"
"18.1","1","FAPGNYPAL","1","seq10","FAPGNYPAL"
"18.1","2","FAPSNYPAL","1","seq567","FAPSNYPAL"
"18.1","3","FAPGNYPAW","1","seq569","FAPGNYPAW"
"18.1","4","FAPGNYPAF","1","seq570","FAPGNYPAF"
"18.1","5","FAPGNWPAL","1","seq571","FAPGNWPAL"
"19.1","Consensus","LLWNGPMAV","-","-","-"
"19.1","1","LLWNGPMAV","1","seq423","LLWNGPMAV"
"19.1","2","LLWNGPIAV","1","seq424","LLWNGPIAV"
"19.1","3","LLWAGPMAV","1","seq425","LLWAGPMAV"
"19.1","4","LLWNGPMQV","1","seq421","LLWNGPMQV"
"19.1","5","LLWNGPMHV","1","seq422","LLWNGPMHV"
"20.1","Consensus","GGKKKYKL","-","-","-"
"20.1","1","GGRKKYKL","1","seq540","GGRKKYKL"
"20.1","2","GGKKRYKL","1","seq541","GGKKRYKL"
"20.1","3","GGKKKYRL","1","seq542","GGKKKYRL"
"20.1","4","GGKKKYQL","1","seq543","GGKKKYQL"
"20.1","5","GGKKKYKL","1","seq544","GGKKKYKL"
"21.1","Consensus","CINGVCWTV","-","-","-"
"21.1","1","CINMWCWTV","1","seq615","CINMWCWTV"
"21.1","2","CINGVVWTV","1","seq616","CINGVVWTV"
"21.1","3","CISGVCWTV","1","seq614","CISGVCWTV"
"21.1","4","CINGVCWTV","1","seq617","CINGVCWTV"
"21.1","5","CINGMCWTV","1","seq618","CINGMCWTV"
"22.1","Consensus","GILGFVFTL","-","-","-"
"22.1","1","GILGFVFTL","1","seq3","GILGFVFTL"
"22.1","2","GILGLVFTL","1","seq172","GILGLVFTL"
"22.1","3","GILEFVFTL","1","seq173","GILEFVFTL"
"22.1","4","GIWGFVFTL","1","seq537","GIWGFVFTL"
"23.1","Consensus","YLEPGPVTA","-","-","-"
"23.1","1","YLEPGPVTV","1","seq98","YLEPGPVTV"
"23.1","2","YLEPGPVTA","1","seq213","YLEPGPVTA"
"23.1","3","YLEPAPVTA","1","seq214","YLEPAPVTA"
"23.1","4","YLAPGPVTA","1","seq215","YLAPGPVTA"
"24.1","Consensus","SIIXFEKL","-","-","-"
"24.1","1","SIINFEKL","1","seq13","SIINFEKL"
"24.1","2","SIIQFEHL","1","seq301","SIIQFEHL"
"24.1","3","SIIGFEKL","1","seq302","SIIGFEKL"
"24.1","4","EIINFEKL","1","seq588","EIINFEKL"
"25.1","Consensus","HPVGXADYFEY","-","-","-"
"25.1","1","HPVGEADYFEY","1","seq21","HPVGEADYFEY"
"25.1","2","HPVGQADYFEY","1","seq85","HPVGQADYFEY"
"25.1","3","HPVGDADYFEY","1","seq86","HPVGDADYFEY"
"25.1","4","HPVAEADYFEY","1","seq159","HPVAEADYFEY"
"26.1","Consensus","RPQVPLRPMTYK","-","-","-"
"26.1","1","RPQVPLRPMTY-","1","seq328","RPQVPLRPMTY"
"26.1","2","RPQVPLRPM---","1","seq37","RPQVPLRPM"
"26.1","3","--QVPLRPMTYK","3","seq133","QVPLRPMTYK"
"26.1","4","---VPLRPMTY-","4","seq235","VPLRPMTY"
"27.1","Consensus","MCLRMTAVM","-","-","-"
"27.1","1","MCPRMTAVM","1","seq388","MCPRMTAVM"
"27.1","2","MCLRMTAVM","1","seq389","MCLRMTAVM"
"27.1","3","MCLRLTAVM","1","seq390","MCLRLTAVM"
"27.1","4","MALRMTAVM","1","seq391","MALRMTAVM"
"28.1","Consensus","LLLPLLPPLSPS","-","-","-"
"28.1","1","LLLPLLPPLSPS","1","seq427","LLLPLLPPLSPS"
"28.1","2","LLLPLLPPLSP-","1","seq428","LLLPLLPPLSP"
"28.1","3","LLLPRLPPL---","1","seq426","LLLPRLPPL"
"28.1","4","LLLPLLPPL---","1","seq429","LLLPLLPPL"
"29.1","Consensus","RAXIFANI","-","-","-"
"29.1","1","RAYIFANI","1","seq346","RAYIFANI"
"29.1","2","RAVIFANI","1","seq347","RAVIFANI"
"29.1","3","RAQIFANI","1","seq348","RAQIFANI"
"29.1","4","RAFIFANI","1","seq351","RAFIFANI"
"30.1","Consensus","LLYGFVNYI","-","-","-"
"30.1","1","LGYGFVNYI","1","seq142","LGYGFVNYI"
"30.1","2","LLYGFVNYV","1","seq419","LLYGFVNYV"
"30.1","3","LLYGFVNYI","1","seq420","LLYGFVNYI"
"31.1","Consensus","ALWGFFPVL","-","-","-"
"31.1","1","ALWGVFPVL","1","seq641","ALWGVFPVL"
"31.1","2","ALWGFFPVL","1","seq32","ALWGFFPVL"
"31.1","3","ALWGFVPVL","1","seq642","ALWGFVPVL"
"32.1","Consensus","YLSPIASPLLD","-","-","-"
"32.1","1","YLSPIASPLLD","1","seq207","YLSPIASPLLD"
"32.1","2","YLSPIASPLL-","1","seq208","YLSPIASPLL"
"32.1","3","YLSPIASPL--","1","seq209","YLSPIASPL"
"33.1","Consensus","ILSALVGIL","-","-","-"
"33.1","1","ILSALVGIV","1","seq488","ILSALVGIV"
"33.1","2","ILSALVGIL","1","seq489","ILSALVGIL"
"33.1","3","IISAVVGIL","1","seq505","IISAVVGIL"
"34.1","Consensus","RGYVYQGL","-","-","-"
"34.1","1","RGYVYQGL","1","seq7","RGYVYQGL"
"34.1","2","RGYLYQGL","1","seq130","RGYLYQGL"
"34.1","3","RGYVYMGL","1","seq341","RGYVYMGL"
"35.1","Consensus","LYLVCGERGF","-","-","-"
"35.1","1","LYLVCGERGF","1","seq393","LYLVCGERGF"
"35.1","2","LYLVCGERG-","1","seq394","LYLVCGERG"
"35.1","3","LYLVCGERV-","1","seq138","LYLVCGERV"
"36.1","Consensus","YTVKYPNL","-","-","-"
"36.1","1","YTAKYPNL","1","seq197","YTAKYPNL"
"36.1","2","YTVKFPNM","1","seq195","YTVKFPNM"
"36.1","3","YTVKYPNL","1","seq194","YTVKYPNL"
"37.1","Consensus","KAFNPEVIPMF","-","-","-"
"37.1","1","KAFSPEVIPMF","1","seq44","KAFSPEVIPMF"
"37.1","2","KGFNPEVIPMF","1","seq472","KGFNPEVIPMF"
"37.1","3","KAFNPEIIPMF","1","seq477","KAFNPEIIPMF"
"38.1","Consensus","NYTPGPGIRF","-","-","-"
"38.1","1","NYTPGPGTRF","1","seq363","NYTPGPGTRF"
"38.1","2","NYTPGPGIRF","1","seq364","NYTPGPGIRF"
"38.1","3","-YTSGPGIRY","2","seq196","YTSGPGIRY"
"39.1","Consensus","YQFGPDFPTI","-","-","-"
"39.1","1","YLGGPDFPTI","1","seq97","YLGGPDFPTI"
"39.1","2","YQFGPDFPIA","1","seq95","YQFGPDFPIA"
"39.1","3","RQFGPDFPTI","1","seq123","RQFGPDFPTI"
"40.1","Consensus","XLKEPVHGV","-","-","-"
"40.1","1","ILKEPVHGV","1","seq30","ILKEPVHGV"
"40.1","2","YLKEPVHGV","1","seq212","YLKEPVHGV"
"40.1","3","FLKEPVHGV","1","seq562","FLKEPVHGV"
"41.1","Consensus","GRLNXPIKV","-","-","-"
"41.1","1","GRLNEPIKV","1","seq167","GRLNEPIKV"
"41.1","2","GRLNAPIKV","1","seq168","GRLNAPIKV"
"41.1","3","GRLNQPIKV","1","seq166","GRLNQPIKV"
"42.1","Consensus","KVAELVHFL","-","-","-"
"42.1","1","KVAELVWFL","1","seq447","KVAELVWFL"
"42.1","2","KVAELVHFL","1","seq448","KVAELVHFL"
"42.1","3","KVAEIVHFL","1","seq449","KVAEIVHFL"
"43.1","Consensus","SSLENFRAYV","-","-","-"
"43.1","1","SSLENFRAYV","1","seq33","SSLENFRAYV"
"43.1","2","SSLCNFRAYV","1","seq63","SSLCNFRAYV"
"43.1","3","SSLENFAAYV","1","seq275","SSLENFAAYV"
"44.1","Consensus","FYRYGFVANF","-","-","-"
"44.1","1","FYRYGFVANF","1","seq548","FYRYGFVANF"
"44.1","2","--RYGFVANF","3","seq114","RYGFVANF"
"44.1","3","--RAGFVANF","3","seq350","RAGFVANF"
"45.1","Consensus","FEDLRVLSF","-","-","-"
"45.1","1","FEDLRVLSF","1","seq49","FEDLRVLSF"
"45.1","2","FEDLRVSSF","1","seq563","FEDLRVSSF"
"45.1","3","FEDLRLLSF","1","seq564","FEDLRLLSF"
"46.1","Consensus","QASQEVKNW","-","-","-"
"46.1","1","QASQEVKNW","1","seq39","QASQEVKNW"
"46.1","2","QATQEVKNW","1","seq73","QATQEVKNW"
"46.1","3","QASQDVKNW","1","seq360","QASQDVKNW"
"47.1","Consensus","ELXRKMIYM","-","-","-"
"47.1","1","ELKRKMIYM","1","seq584","ELKRKMIYM"
"47.1","2","ELNRKMIYM","1","seq583","ELNRKMIYM"
"47.1","3","ELRRKMMYM","1","seq579","ELRRKMMYM"
"48.1","Consensus","EECDSELEIKRY","-","-","-"
"48.1","1","EECDSELEIKRY","1","seq594","EECDSELEIKRY"
"48.1","2","----SELEIKRY","5","seq307","SELEIKRY"
"48.1","3","----DELEIKAY","5","seq605","DELEIKAY"
"49.1","Consensus","KYYSIIPHSI","-","-","-"
"49.1","1","KYYSIIPHSI","1","seq443","KYYSIIPHSI"
"49.1","2","-YYSIIPHSI","2","seq190","YYSIIPHSI"
"49.1","3","-YYSIAPHSI","2","seq191","YYSIAPHSI"
"50.1","Consensus","IXDQVPFSV","-","-","-"
"50.1","1","ITDQVPFSV","1","seq81","ITDQVPFSV"
"50.1","2","IMDQVPFSV","1","seq84","IMDQVPFSV"
"50.1","3","ILDQVPFSV","1","seq501","ILDQVPFSV"
"51.1","Consensus","GHAEEYGADTL","-","-","-"
"51.1","1","GHAEEYGADTL","1","seq539","GHAEEYGADTL"
"51.1","2","GRAEEYGADTL","1","seq528","GRAEEYGADTL"
"51.1","3","GHAEEYGAETL","1","seq538","GHAEEYGAETL"
"52.1","Consensus","AQWGPDPAAA","-","-","-"
"52.1","1","ALWGPDPAAA","1","seq92","ALWGPDPAAA"
"52.1","2","RQWGPDPAAV","1","seq120","RQWGPDPAAV"
"52.1","3","AQWGPDPAAA","1","seq186","AQWGPDPAAA"
"53.1","Consensus","ELRAREEXY","-","-","-"
"53.1","1","ELRAREESY","1","seq581","ELRAREESY"
"53.1","2","ELRARQECY","1","seq580","ELRARQECY"
"53.1","3","ELRAREEAY","1","seq582","ELRAREEAY"
"54.1","Consensus","TMVMELIRMIK","-","-","-"
"54.1","1","TMVMELIRMIK","1","seq259","TMVMELIRMIK"
"54.1","2","TIAMELIRMIK","1","seq263","TIAMELIRMIK"
"54.1","3","-MVMELIRMI-","2","seq380","MVMELIRMI"
"55.1","Consensus","IDWFDGKE","-","-","-"
"55.1","1","IDWFDGKE","1","seq157","IDWFDGKE"
"55.1","2","IDWFEGKE","1","seq512","IDWFEGKE"
"55.1","3","IDWFDGKD","1","seq513","IDWFDGKD"
"56.1","Consensus","ASLWNGPHL","-","-","-"
"56.1","1","ASLSNGPHL","1","seq631","ASLSNGPHL"
"56.1","2","ASLWNGPHL","1","seq630","ASLWNGPHL"
"56.1","3","CSLWNGPHL","1","seq610","CSLWNGPHL"
"57.1","Consensus","EGPRNQDWL","-","-","-"
"57.1","1","KVPRNQDWL","1","seq446","KVPRNQDWL"
"57.1","2","EGSRNQDWL","1","seq589","EGSRNQDWL"
"57.1","3","EGPRNQDWL","1","seq179","EGPRNQDWL"
"58.1","Consensus","ILNAMIXKI","-","-","-"
"58.1","1","ILNAMIVKI","1","seq491","ILNAMIVKI"
"58.1","2","ILNAMITKI","1","seq492","ILNAMITKI"
"58.1","3","ILNAMIAKI","1","seq493","ILNAMIAKI"
"59.1","Consensus","YLQXRTFLL","-","-","-"
"59.1","1","YLQPRTFLL","1","seq6","YLQPRTFLL"
"59.1","2","YLQLRTFLL","1","seq211","YLQLRTFLL"
"60.1","Consensus","TAGQXXYDRL","-","-","-"
"60.1","1","TAGQSNYDRL","1","seq266","TAGQSNYDRL"
"60.1","2","TAGQEDYDRL","1","seq267","TAGQEDYDRL"
"61.1","Consensus","GLLPELPAVGG","-","-","-"
"61.1","1","GLLPELPAVGG","1","seq532","GLLPELPAVGG"
"61.1","2","GLLPELPAV--","1","seq533","GLLPELPAV"
"62.1","Consensus","XTSXIGXLPV","-","-","-"
"62.1","1","MTSAIGILPV","1","seq381","MTSAIGILPV"
"62.1","2","ITSGIGVLPV","1","seq479","ITSGIGVLPV"
"63.1","Consensus","GLKEGIPALD","-","-","-"
"63.1","1","GLKEGIPALD","1","seq534","GLKEGIPALD"
"63.1","2","GLKEGIPAL-","1","seq535","GLKEGIPAL"
"64.1","Consensus","YYQSGLSIVM","-","-","-"
"64.1","1","YYQSGLSIV-","1","seq192","YYQSGLSIV"
"64.1","2","-YQSGLSIVM","2","seq199","YQSGLSIVM"
"65.1","Consensus","GSHLEVQGYW","-","-","-"
"65.1","1","GSHLEVQGYW","1","seq525","GSHLEVQGYW"
"65.1","2","--HLEVQGYW","3","seq521","HLEVQGYW"
"66.1","Consensus","LSSPVTKSX","-","-","-"
"66.1","1","LSSPVTKSF","1","seq8","LSSPVTKSF"
"66.1","2","LSSPVTKSW","1","seq76","LSSPVTKSW"
"67.1","Consensus","YEHDFHHIREXGNHWKNFLAVM","-","-","-"
"67.1","1","YEHDFHHIREWGNHWKNFLAVM","1","seq220","YEHDFHHIREWGNHWKNFLAVM"
"67.1","2","YEHDFHHIREKGNHWKNFLAVM","1","seq221","YEHDFHHIREKGNHWKNFLAVM"
"68.1","Consensus","XMFPNAPYL","-","-","-"
"68.1","1","RMFPNAPYL","1","seq38","RMFPNAPYL"
"68.1","2","YMFPNAPYL","1","seq204","YMFPNAPYL"
"69.1","Consensus","FAPGXFPYX","-","-","-"
"69.1","1","FAPGFFPYL","1","seq572","FAPGFFPYL"
"69.1","2","FAPGVFPYM","1","seq568","FAPGVFPYM"
"70.1","Consensus","SIIVFNLX","-","-","-"
"70.1","1","SIIVFNLV","1","seq299","SIIVFNLV"
"70.1","2","SIIVFNLL","1","seq300","SIIVFNLL"
"71.1","Consensus","GTSGSPIXNR","-","-","-"
"71.1","1","GTSGSPIVNR","1","seq163","GTSGSPIVNR"
"71.1","2","GTSGSPIINR","1","seq164","GTSGSPIINR"
"72.1","Consensus","GVWIRTPXA","-","-","-"
"72.1","1","GVWIRTPTA","1","seq523","GVWIRTPTA"
"72.1","2","GVWIRTPPA","1","seq524","GVWIRTPPA"
"73.1","Consensus","FLRGRAYXL","-","-","-"
"73.1","1","FLRGRAYGL","1","seq15","FLRGRAYGL"
"73.1","2","FLRGRAYVL","1","seq560","FLRGRAYVL"
"74.1","Consensus","RPMTXKGAL","-","-","-"
"74.1","1","RPMTYKGAL","1","seq329","RPMTYKGAL"
"74.1","2","RPMTFKGAL","1","seq330","RPMTFKGAL"
"75.1","Consensus","SAPDXRPX","-","-","-"
"75.1","1","SAPDTRPA","1","seq310","SAPDTRPA"
"75.1","2","SAPDFRPL","1","seq311","SAPDFRPL"
"76.1","Consensus","DFQESADSFLL","-","-","-"
"76.1","1","DFQESADSFLL","1","seq601","DFQESADSFLL"
"76.1","2","DFQESADSFL-","1","seq602","DFQESADSFL"
"77.1","Consensus","HPGSVNEFDFGCGGSG","-","-","-"
"77.1","1","HPGSVNEFDFGCGGSG","1","seq518","HPGSVNEFDFGCGGSG"
"77.1","2","HPGSVNEFDF------","1","seq519","HPGSVNEFDF"
"78.1","Consensus","XVYDGREHTV","-","-","-"
"78.1","1","GVYDGREHTV","1","seq162","GVYDGREHTV"
"78.1","2","AVYDGREHTV","1","seq619","AVYDGREHTV"
"79.1","Consensus","HMTEVVRXC","-","-","-"
"79.1","1","HMTEVVRHC","1","seq22","HMTEVVRHC"
"79.1","2","HMTEVVRRC","1","seq520","HMTEVVRRC"
"80.1","Consensus","TVXASGHSY","-","-","-"
"80.1","1","TVRASGHSY","1","seq26","TVRASGHSY"
"80.1","2","TVAASGHSY","1","seq60","TVAASGHSY"
"81.1","Consensus","DFANTFLX","-","-","-"
"81.1","1","DFANTFLP","1","seq31","DFANTFLP"
"81.1","2","DFANTFLL","1","seq604","DFANTFLL"
"82.1","Consensus","SXIEFARL","-","-","-"
"82.1","1","SSIEFARL","1","seq34","SSIEFARL"
"82.1","2","SEIEFARL","1","seq112","SEIEFARL"
"83.1","Consensus","RQASIELPSMAV","-","-","-"
"83.1","1","RQASIELPSMAV","1","seq124","RQASIELPSMAV"
"83.1","2","RQASIELPSM--","1","seq327","RQASIELPSM"
"84.1","Consensus","LYKKLKREXTF","-","-","-"
"84.1","1","LYKKLKREMTF","1","seq40","LYKKLKREMTF"
"84.1","2","LYKKLKREITF","1","seq395","LYKKLKREITF"
"85.1","Consensus","SGPDNGAVAVL","-","-","-"
"85.1","1","SGPDNGAVAVL","1","seq305","SGPDNGAVAVL"
"85.1","2","SGPDNGAVAV-","1","seq306","SGPDNGAVAV"
"86.1","Consensus","SHVAVENAL","-","-","-"
"86.1","1","SHVAVENAL","1","seq303","SHVAVENAL"
"86.1","2","-HVAVENAL","2","seq516","HVAVENAL"
"87.1","Consensus","XPLTEXAEL","-","-","-"
"87.1","1","IPLTEEAEL","1","seq45","IPLTEEAEL"
"87.1","2","VPLTEDAEL","1","seq234","VPLTEDAEL"
"88.1","Consensus","FVLELEPEWTVK","-","-","-"
"88.1","1","FVLELEPEWTVK","1","seq550","FVLELEPEWTVK"
"88.1","2","FVLELEPEWTV-","1","seq551","FVLELEPEWTV"
"89.1","Consensus","SPSYXYHQF","-","-","-"
"89.1","1","SPSYAYHQF","1","seq64","SPSYAYHQF"
"89.1","2","SPSYVYHQF","1","seq280","SPSYVYHQF"
"90.1","Consensus","VNDIFEXI","-","-","-"
"90.1","1","VNDIFERI","1","seq236","VNDIFERI"
"90.1","2","VNDIFEAI","1","seq237","VNDIFEAI"
"91.1","Consensus","TSXLQEQIGW","-","-","-"
"91.1","1","TSTLQEQIGW","1","seq61","TSTLQEQIGW"
"91.1","2","TSNLQEQIGW","1","seq254","TSNLQEQIGW"
"92.1","Consensus","TTAPXLSGK","-","-","-"
"92.1","1","TTAPFLSGK","1","seq251","TTAPFLSGK"
"92.1","2","TTAPSLSGK","1","seq250","TTAPSLSGK"
"93.1","Consensus","IYFSPIRVTF","-","-","-"
"93.1","1","IYFSPIRVTF","1","seq478","IYFSPIRVTF"
"93.1","2","-YFSPIRVTF","2","seq217","YFSPIRVTF"
"94.1","Consensus","DATYQRTRALVR","-","-","-"
"94.1","1","DATYQRTRALVR","1","seq606","DATYQRTRALVR"
"94.1","2","--TYQRTRALV-","3","seq247","TYQRTRALV"
"95.1","Consensus","RRRWRRLTX","-","-","-"
"95.1","1","RRRWRRLTV","1","seq68","RRRWRRLTV"
"95.1","2","RRRWRRLTL","1","seq320","RRRWRRLTL"
"96.1","Consensus","RRFSRSPIRR","-","-","-"
"96.1","1","RRFSRSPIRR","1","seq69","RRFSRSPIRR"
"96.1","2","RRFSRSPIR-","1","seq323","RRFSRSPIR"
"97.1","Consensus","LTVQVARVX","-","-","-"
"97.1","1","LTVQVARVW","1","seq75","LTVQVARVW"
"97.1","2","LTVQVARVY","1","seq139","LTVQVARVY"
"98.1","Consensus","KQWLVWLXL","-","-","-"
"98.1","1","KQWLVWLFL","1","seq79","KQWLVWLFL"
"98.1","2","KQWLVWLLL","1","seq146","KQWLVWLLL"
"99.1","Consensus","AXHGGWTTK","-","-","-"
"99.1","1","ALHGGWTTK","1","seq93","ALHGGWTTK"
"99.1","2","AHHGGWTTK","1","seq650","AHHGGWTTK"
"100.1","Consensus","HLASSGHSX","-","-","-"
"100.1","1","HLASSGHSY","1","seq160","HLASSGHSY"
"100.1","2","HLASSGHSL","1","seq161","HLASSGHSL"
"101.1","Consensus","VLXDDLLEA","-","-","-"
"101.1","1","VLRDDLLEA","1","seq102","VLRDDLLEA"
"101.1","2","VLHDDLLEA","1","seq103","VLHDDLLEA"
"102.1","Consensus","DYINTNXXP","-","-","-"
"102.1","1","DYINTNVLP","1","seq597","DYINTNVLP"
"102.1","2","DYINTNLVP","1","seq598","DYINTNLVP"
"103.1","Consensus","SPNGTIXNIL","-","-","-"
"103.1","1","SPNGTIQNIL","1","seq110","SPNGTIQNIL"
"103.1","2","SPNGTIRNIL","1","seq281","SPNGTIRNIL"
"104.1","Consensus","DFEXEGYSL","-","-","-"
"104.1","1","DFEREGYSL","1","seq182","DFEREGYSL"
"104.1","2","DFEKEGYSL","1","seq603","DFEKEGYSL"
"105.1","Consensus","RMYSPXSIL","-","-","-"
"105.1","1","RMYSPVSIL","1","seq126","RMYSPVSIL"
"105.1","2","RMYSPTSIL","1","seq332","RMYSPTSIL"
"106.1","Consensus","XSDTVGWSW","-","-","-"
"106.1","1","NSDTVGWSW","1","seq134","NSDTVGWSW"
"106.1","2","ESDTVGWSW","1","seq577","ESDTVGWSW"
"107.1","Consensus","MTAHIXVPY","-","-","-"
"107.1","1","MTAHITVPY","1","seq136","MTAHITVPY"
"107.1","2","MTAHIVVPY","1","seq382","MTAHIVVPY"
"108.1","Consensus","KAXYXYAPI","-","-","-"
"108.1","1","KAPYDYAPI","1","seq151","KAPYDYAPI"
"108.1","2","KALYNYAPI","1","seq476","KALYNYAPI"
"109.1","Consensus","GLCXLVAML","-","-","-"
"109.1","1","GLCTLVAML","1","seq171","GLCTLVAML"
"109.1","2","GLCPLVAML","1","seq536","GLCPLVAML"
"110.1","Consensus","CTELKLXDY","-","-","-"
"110.1","1","CTELKLSDY","1","seq183","CTELKLSDY"
"110.1","2","CTELKLNDY","1","seq609","CTELKLNDY"
"111.1","Consensus","AQDIYRASYY","-","-","-"
"111.1","1","AQDIYRASYY","1","seq187","AQDIYRASYY"
"111.1","2","AQDIYRASY-","1","seq637","AQDIYRASY"
"112.1","Consensus","SSVXGVWYL","-","-","-"
"112.1","1","SSVVGVWYL","1","seq272","SSVVGVWYL"
"112.1","2","SSVIGVWYL","1","seq273","SSVIGVWYL"
"113.1","Consensus","XLYQNPTTYI","-","-","-"
"113.1","1","RLYQNPTTYI","1","seq335","RLYQNPTTYI"
"113.1","2","KLYQNPTTYI","1","seq458","KLYQNPTTYI"
"114.1","Consensus","QIMYNYPAML","-","-","-"
"114.1","1","QIMYNYPAM-","1","seq357","QIMYNYPAM"
"114.1","2","-IMYNYPAML","2","seq487","IMYNYPAML"
"115.1","Consensus","TGAAXFDEF","-","-","-"
"115.1","1","TGAARFDEF","1","seq265","TGAARFDEF"
"115.1","2","TGAASFDEF","1","seq264","TGAASFDEF"
"116.1","Consensus","XMANVSTGR","-","-","-"
"116.1","1","RMANVSTGR","1","seq333","RMANVSTGR"
"116.1","2","DMANVSTGR","1","seq599","DMANVSTGR"
"117.1","Consensus","VRSRRXLRL","-","-","-"
"117.1","1","VRSRRCLRL","1","seq230","VRSRRCLRL"
"117.1","2","VRSRRALRL","1","seq231","VRSRRALRL"
"118.1","Consensus","TYQWIIRNWET","-","-","-"
"118.1","1","TYQWIIRNWET","1","seq245","TYQWIIRNWET"
"118.1","2","TYQWIIRNW--","1","seq246","TYQWIIRNW"
"119.1","Consensus","TLACFVLAAV","-","-","-"
"119.1","1","TLACFVLAAV","1","seq262","TLACFVLAAV"
"119.1","2","-LACFVLAAV","2","seq442","LACFVLAAV"
"120.1","Consensus","KYXQVASHV","-","-","-"
"120.1","1","KYLQVASHV","1","seq445","KYLQVASHV"
"120.1","2","KYRQVASHV","1","seq444","KYRQVASHV"
"121.1","Singleton","RRKWRRWHL","-","seq1","RRKWRRWHL"
"122.1","Singleton","RRRWHRWRL","-","seq117","RRRWHRWRL"
"123.1","Singleton","LPAVVGLSPGEQEY","-","seq416","LPAVVGLSPGEQEY"
"124.1","Singleton","LLFNILGGWV","-","seq432","LLFNILGGWV"
"125.1","Singleton","LLAGIGTVPI","-","seq436","LLAGIGTVPI"
"126.1","Singleton","FLNKDLEVDGHFVTM","-","seq561","FLNKDLEVDGHFVTM"
"127.1","Singleton","LPPLDITPY","-","seq77","LPPLDITPY"
"128.1","Singleton","FYAPEPITSL","-","seq174","FYAPEPITSL"
"129.1","Singleton","APQPAPENAY","-","seq188","APQPAPENAY"
"130.1","Singleton","YPYLGPNTL","-","seq201","YPYLGPNTL"
"131.1","Singleton","TMPPGFELY","-","seq260","TMPPGFELY"
"132.1","Singleton","SAEPVPLQL","-","seq314","SAEPVPLQL"
"133.1","Singleton","QPAEGGFQL","-","seq355","QPAEGGFQL"
"134.1","Singleton","LYASPQLEGF","-","seq396","LYASPQLEGF"
"135.1","Singleton","LQLPQGTTL","-","seq402","LQLPQGTTL"
"136.1","Singleton","KGPPAALTL","-","seq470","KGPPAALTL"
"137.1","Singleton","GETALALLLL","-","seq545","GETALALLLL"
"138.1","Singleton","IPAYGVLTI","-","seq155","IPAYGVLTI"
"139.1","Singleton","ATEIRELLV","-","seq623","ATEIRELLV"
"140.1","Singleton","QLPRLFPLL","-","seq72","QLPRLFPLL"
"141.1","Singleton","MLWGYLQYV","-","seq74","MLWGYLQYV"
"142.1","Singleton","YLRYDSDVGEYR","-","seq210","YLRYDSDVGEYR"
"143.1","Singleton","WIYVYRPMGCGGS","-","seq224","WIYVYRPMGCGGS"
"144.1","Singleton","VIFPAKSL","-","seq241","VIFPAKSL"
"145.1","Singleton","TNPESKVFYL","-","seq258","TNPESKVFYL"
"146.1","Singleton","FPTKDVAL","-","seq555","FPTKDVAL"
"147.1","Singleton","AEMYGSVTEHPSPSPL","-","seq651","AEMYGSVTEHPSPSPL"
"148.1","Singleton","KMNTQFTAV","-","seq456","KMNTQFTAV"
"149.1","Singleton","GNYSFYAL","-","seq529","GNYSFYAL"
"150.1","Singleton","FMNKFIYEI","-","seq175","FMNKFIYEI"
"151.1","Singleton","TSTFEDVKILAF","-","seq253","TSTFEDVKILAF"
"152.1","Singleton","SQLKNNAKEI","-","seq279","SQLKNNAKEI"
"153.1","Singleton","SEFLLEKRI","-","seq308","SEFLLEKRI"
"154.1","Singleton","SALEWIKNK","-","seq313","SALEWIKNK"
"155.1","Singleton","KLIETYFSK","-","seq466","KLIETYFSK"
"156.1","Singleton","ILFPSSERLISNR","-","seq499","ILFPSSERLISNR"
"157.1","Singleton","ALQDAGDSSRKEYFI","-","seq644","ALQDAGDSSRKEYFI"
"158.1","Singleton","RYRPGTVAL","-","seq66","RYRPGTVAL"
"159.1","Singleton","RQFGPDWIVA","-","seq122","RQFGPDWIVA"
"160.1","Singleton","TPRVTGGGAM","-","seq257","TPRVTGGGAM"
"161.1","Singleton","RPHERNGFTVL","-","seq331","RPHERNGFTVL"
"162.1","Singleton","IPRRNVATL","-","seq485","IPRRNVATL"
"163.1","Singleton","RRALREGY","-","seq325","RRALREGY"
"164.1","Singleton","RTFSPTYGL","-","seq319","RTFSPTYGL"
"165.1","Singleton","SPRWYFYYL","-","seq109","SPRWYFYYL"
"166.1","Singleton","FPRPWLHGL","-","seq556","FPRPWLHGL"
"167.1","Singleton","FLWGPRALV","-","seq557","FLWGPRALV"
"168.1","Singleton","QLSPFPFDL","-","seq19","QLSPFPFDL"
"169.1","Singleton","FLPSDFFPSV","-","seq48","FLPSDFFPSV"
"170.1","Singleton","EADPTGHSY","-","seq181","EADPTGHSY"
"171.1","Singleton","VPYMAEFGM","-","seq233","VPYMAEFGM"
"172.1","Singleton","EVDPIGHLY","-","seq574","EVDPIGHLY"
"173.1","Singleton","EVAPPEYHRK","-","seq575","EVAPPEYHRK"
"174.1","Singleton","EPRSPSHSM","-","seq23","EPRSPSHSM"
"175.1","Singleton","CTSEEMNAF","-","seq608","CTSEEMNAF"
"176.1","Singleton","AIFQSSMTK","-","seq25","AIFQSSMTK"
"177.1","Singleton","RVASPTSGV","-","seq116","RVASPTSGV"
"178.1","Singleton","TPQDLNTML","-","seq27","TPQDLNTML"
"179.1","Singleton","TPYDINQML","-","seq256","TPYDINQML"
"180.1","Singleton","RIIPRHLQL","-","seq28","RIIPRHLQL"
"181.1","Singleton","KPIVVLHGY","-","seq147","KPIVVLHGY"
"182.1","Singleton","VGYPKVKEEML","-","seq242","VGYPKVKEEML"
"183.1","Singleton","LPPVVAKEI","-","seq403","LPPVVAKEI"
"184.1","Singleton","HVYGPLKPI","-","seq515","HVYGPLKPI"
"185.1","Singleton","EFEDLTFLA","-","seq180","EFEDLTFLA"
"186.1","Singleton","ARFNDLRFV","-","seq635","ARFNDLRFV"
"187.1","Singleton","ALNTPKDHI","-","seq645","ALNTPKDHI"
"188.1","Singleton","LLGWVFAQV","-","seq431","LLGWVFAQV"
"189.1","Singleton","ALMPGQFFV","-","seq646","ALMPGQFFV"
"190.1","Singleton","RQASLSISV","-","seq70","RQASLSISV"
"191.1","Singleton","ELRSRYWAI","-","seq176","ELRSRYWAI"
"192.1","Singleton","WLVTNGSYL","-","seq223","WLVTNGSYL"
"193.1","Singleton","TTPESANL","-","seq249","TTPESANL"
"194.1","Singleton","LNPSVAATL","-","seq418","LNPSVAATL"
"195.1","Singleton","AIMPARFYPK","-","seq649","AIMPARFYPK"
"196.1","Singleton","YELDEKFDRL","-","seq219","YELDEKFDRL"
"197.1","Singleton","RAKFKQLL","-","seq349","RAKFKQLL"
"198.1","Singleton","KLFSGELTK","-","seq467","KLFSGELTK"
"199.1","Singleton","LRNQSVFNF","-","seq41","LRNQSVFNF"
"200.1","Singleton","KLVALGINAV","-","seq43","KLVALGINAV"
"201.1","Singleton","VGITNVDL","-","seq104","VGITNVDL"
"202.1","Singleton","RVLVNGTFLK","-","seq315","RVLVNGTFLK"
"203.1","Singleton","AIVNYANL","-","seq648","AIVNYANL"
"204.1","Singleton","SPIVPSFDM","-","seq284","SPIVPSFDM"
"205.1","Singleton","FVPFNSPNI","-","seq549","FVPFNSPNI"
"206.1","Singleton","ETSPLTAEKL","-","seq576","ETSPLTAEKL"
"207.1","Singleton","APRGPHGGAASGL","-","seq91","APRGPHGGAASGL"
"208.1","Singleton","FLSPFWFDI","-","seq559","FLSPFWFDI"
"209.1","Singleton","EENLLDFVRF","-","seq53","EENLLDFVRF"
"210.1","Singleton","REVDEQLLSV","-","seq345","REVDEQLLSV"
"211.1","Singleton","EQYKFYSV","-","seq50","EQYKFYSV"
"212.1","Singleton","CPSQEPMSIYVY","-","seq612","CPSQEPMSIYVY"
"213.1","Singleton","EEYLQAFTY","-","seq51","EEYLQAFTY"
"214.1","Singleton","EEYLKAWTF","-","seq52","EEYLKAWTF"
"215.1","Singleton","ILDTAGKEEY","-","seq500","ILDTAGKEEY"
"216.1","Singleton","AVKGVGTMV","-","seq620","AVKGVGTMV"
"217.1","Singleton","LPACVLEV","-","seq417","LPACVLEV"
"218.1","Singleton","FTMRLLSPV","-","seq552","FTMRLLSPV"
"219.1","Singleton","MRHVLEPF","-","seq383","MRHVLEPF"
"220.1","Singleton","GSQKLTTGNCNW","-","seq165","GSQKLTTGNCNW"
"221.1","Singleton","SSTRGISQLW","-","seq274","SSTRGISQLW"
"222.1","Singleton","TAFTIPSI","-","seq62","TAFTIPSI"
"223.1","Singleton","RTISYTYPF","-","seq318","RTISYTYPF"
"224.1","Singleton","VYGFVRACL","-","seq225","VYGFVRACL"
"225.1","Singleton","RVEDVTNTAEYW","-","seq67","RVEDVTNTAEYW"
"226.1","Singleton","RRLPIFSRL","-","seq119","RRLPIFSRL"
"227.1","Singleton","GLMWLSYFV","-","seq531","GLMWLSYFV"
"228.1","Singleton","DFTCSQISP","-","seq600","DFTCSQISP"
"229.1","Singleton","IRAAPPPLF","-","seq82","IRAAPPPLF"
"230.1","Singleton","INFDFNTI","-","seq83","INFDFNTI"
"231.1","Singleton","ESDPIVAQY","-","seq578","ESDPIVAQY"
"232.1","Singleton","YGDFFHDMV","-","seq216","YGDFFHDMV"
"233.1","Singleton","GLYDGMEHL","-","seq87","GLYDGMEHL"
"234.1","Singleton","FANFCLMMI","-","seq88","FANFCLMMI"
"235.1","Singleton","LPASPAHQL","-","seq140","LPASPAHQL"
"236.1","Singleton","GLLGSPVRA","-","seq170","GLLGSPVRA"
"237.1","Singleton","MPAGRPWDL","-","seq384","MPAGRPWDL"
"238.1","Singleton","TYQWVLKNL","-","seq244","TYQWVLKNL"
"239.1","Singleton","ILGPPGSVY","-","seq496","ILGPPGSVY"
"240.1","Singleton","MVWGPDPLYV","-","seq135","MVWGPDPLYV"
"241.1","Singleton","YLDSGIHSGA","-","seq99","YLDSGIHSGA"
"242.1","Singleton","GSFDYSGVHLW","-","seq526","GSFDYSGVHLW"
"243.1","Singleton","YGFRNVVHI","-","seq100","YGFRNVVHI"
"244.1","Singleton","TLTSCNTSV","-","seq105","TLTSCNTSV"
"245.1","Singleton","SRDHSRTPM","-","seq106","SRDHSRTPM"
"246.1","Singleton","SQYYYNSL","-","seq107","SQYYYNSL"
"247.1","Singleton","SQLLNAKYL","-","seq108","SQLLNAKYL"
"248.1","Singleton","SIYRYYGL","-","seq298","SIYRYYGL"
"249.1","Singleton","RLIQNSITI","-","seq340","RLIQNSITI"
"250.1","Singleton","SGPSNTPPEI","-","seq111","SGPSNTPPEI"
"251.1","Singleton","REFSKEPEL","-","seq131","REFSKEPEL"
"252.1","Singleton","HEEAVSVDRVL","-","seq522","HEEAVSVDRVL"
"253.1","Singleton","FANFFIRGL","-","seq573","FANFFIRGL"
"254.1","Singleton","RVKEKYQHLW","-","seq115","RVKEKYQHLW"
"255.1","Singleton","VVRPSVASK","-","seq226","VVRPSVASK"
"256.1","Singleton","SRRWRRWNR","-","seq278","SRRWRRWNR"
"257.1","Singleton","RRREQTDY","-","seq118","RRREQTDY"
"258.1","Singleton","RPPIFIRRL","-","seq125","RPPIFIRRL"
"259.1","Singleton","RQISQDVKL","-","seq121","RQISQDVKL"
"260.1","Singleton","ASLNLPAVSW","-","seq185","ASLNLPAVSW"
"261.1","Singleton","SALQNAASIA","-","seq312","SALQNAASIA"
"262.1","Singleton","RVAQLEQVYI","-","seq316","RVAQLEQVYI"
"263.1","Singleton","RMAATAQVL","-","seq334","RMAATAQVL"
"264.1","Singleton","NPRAMQALL","-","seq367","NPRAMQALL"
"265.1","Singleton","SSYRRPVGI","-","seq271","SSYRRPVGI"
"266.1","Singleton","RLQSLQTYV","-","seq127","RLQSLQTYV"
"267.1","Singleton","SPAPRPLDL","-","seq285","SPAPRPLDL"
"268.1","Singleton","YQLENYCGL","-","seq200","YQLENYCGL"
"269.1","Singleton","RRLLRGHNQY","-","seq321","RRLLRGHNQY"
"270.1","Singleton","QYDDAVYKL","-","seq132","QYDDAVYKL"
"271.1","Singleton","RTYSGPMNKV","-","seq317","RTYSGPMNKV"
"272.1","Singleton","MMWDRGLGMM","-","seq137","MMWDRGLGMM"
"273.1","Singleton","KVITFIDL","-","seq143","KVITFIDL"
"274.1","Singleton","SLSKILDTV","-","seq290","SLSKILDTV"
"275.1","Singleton","QFKDNVILL","-","seq359","QFKDNVILL"
"276.1","Singleton","KLNDLCFTNV","-","seq465","KLNDLCFTNV"
"277.1","Singleton","KTFPPTEPK","-","seq144","KTFPPTEPK"
"278.1","Singleton","RFLDKDGFIDK","-","seq344","RFLDKDGFIDK"
"279.1","Singleton","HSKKKCDEL","-","seq158","HSKKKCDEL"
"280.1","Singleton","RREVHTYY","-","seq324","RREVHTYY"
"281.1","Singleton","ILRGSVAHK","-","seq490","ILRGSVAHK"
"282.1","Singleton","GRFAAAIAK","-","seq169","GRFAAAIAK"
"283.1","Singleton","LALLTGVRW","-","seq440","LALLTGVRW"
"284.1","Singleton","CLGGLLTMV","-","seq613","CLGGLLTMV"
"285.1","Singleton","SRYWAIRTR","-","seq277","SRYWAIRTR"
"286.1","Singleton","ARTELYRSL","-","seq634","ARTELYRSL"
"287.1","Singleton","FEANGNLI","-","seq565","FEANGNLI"
"288.1","Singleton","LILRWEQD","-","seq437","LILRWEQD"
"289.1","Singleton","YVLDHLIVV","-","seq193","YVLDHLIVV"
"290.1","Singleton","KPIVQYDNF","-","seq455","KPIVQYDNF"
"291.1","Singleton","KIADYNYKL","-","seq468","KIADYNYKL"
"292.1","Singleton","YSSDVTTLV","-","seq198","YSSDVTTLV"
"293.1","Singleton","LSDSTARDVTW","-","seq400","LSDSTARDVTW"
"294.1","Singleton","YPNVNIHNF","-","seq202","YPNVNIHNF"
"295.1","Singleton","YMMPRHWPI","-","seq203","YMMPRHWPI"
"296.1","Singleton","YMDGTMSQV","-","seq205","YMDGTMSQV"
"297.1","Singleton","SPLDSLWWI","-","seq282","SPLDSLWWI"
"298.1","Singleton","SLDEYSSDV","-","seq296","SLDEYSSDV"
"299.1","Singleton","YFPLQSYGF","-","seq218","YFPLQSYGF"
"300.1","Singleton","YAIENYLEL","-","seq222","YAIENYLEL"
"301.1","Singleton","VCWGELMNL","-","seq243","VCWGELMNL"
"302.1","Singleton","SYVNTNMGL","-","seq268","SYVNTNMGL"
"303.1","Singleton","SVYDFFVWL","-","seq270","SVYDFFVWL"
"304.1","Singleton","MLIYSMWGK","-","seq386","MLIYSMWGK"
"305.1","Singleton","LEKARGSTY","-","seq439","LEKARGSTY"
"306.1","Singleton","KTNGNAFIGK","-","seq450","KTNGNAFIGK"
"307.1","Singleton","ILMEHIHKL","-","seq494","ILMEHIHKL"
"308.1","Singleton","ILLNKHIDA","-","seq495","ILLNKHIDA"
"309.1","Singleton","IAYERMCNI","-","seq514","IAYERMCNI"
"310.1","Singleton","FQWMGYELW","-","seq553","FQWMGYELW"
"311.1","Singleton","CSANNSHHYI","-","seq611","CSANNSHHYI"
"312.1","Singleton","EEPTVIKKY","-","seq590","EEPTVIKKY"
"313.1","Singleton","SMLGIGIVPV","-","seq287","SMLGIGIVPV"
"314.1","Singleton","SGVENPGGYCL","-","seq304","SGVENPGGYCL"
"315.1","Singleton","GMSRIGMEV","-","seq530","GMSRIGMEV"
"316.1","Singleton","VVFLHVTYV","-","seq227","VVFLHVTYV"
"317.1","Singleton","VTTDIQVKV","-","seq228","VTTDIQVKV"
"318.1","Singleton","QIKVRVDMV","-","seq358","QIKVRVDMV"
"319.1","Singleton","KLTPLCVTL","-","seq463","KLTPLCVTL"
"320.1","Singleton","VQQESSFVM","-","seq232","VQQESSFVM"
"321.1","Singleton","TSMSFVPRPW","-","seq255","TSMSFVPRPW"
"322.1","Singleton","GAVDPLLAL","-","seq546","GAVDPLLAL"
"323.1","Singleton","KLPAQFYIL","-","seq464","KLPAQFYIL"
"324.1","Singleton","QYNPIRTTF","-","seq352","QYNPIRTTF"
"325.1","Singleton","TYIKWPWWV","-","seq248","TYIKWPWWV"
"326.1","Singleton","AMDSNTLEL","-","seq639","AMDSNTLEL"
"327.1","Singleton","TSTTSVASSW","-","seq252","TSTTSVASSW"
"328.1","Singleton","SWFRKPMTR","-","seq269","SWFRKPMTR"
"329.1","Singleton","TLIDLTELI","-","seq261","TLIDLTELI"
"330.1","Singleton","SPAEAGFFL","-","seq286","SPAEAGFFL"
"331.1","Singleton","AVGSYVYSV","-","seq621","AVGSYVYSV"
"332.1","Singleton","SSCSSCPLSK","-","seq276","SSCSSCPLSK"
"333.1","Singleton","SPKLHFYYL","-","seq283","SPKLHFYYL"
"334.1","Singleton","LSLRNPILV","-","seq399","LSLRNPILV"
"335.1","Singleton","ISPRTLDAW","-","seq480","ISPRTLDAW"
"336.1","Singleton","QAEVLQERLEW","-","seq361","QAEVLQERLEW"
"337.1","Singleton","ALWEIQQVV","-","seq643","ALWEIQQVV"
"338.1","Singleton","RRIYDLIEL","-","seq322","RRIYDLIEL"
"339.1","Singleton","RLSSPLHFV","-","seq336","RLSSPLHFV"
"340.1","Singleton","RLNQLESKM","-","seq339","RLNQLESKM"
"341.1","Singleton","IQQSIERI","-","seq483","IQQSIERI"
"342.1","Singleton","QYIKWPWYI","-","seq353","QYIKWPWYI"
"343.1","Singleton","QTSQWDDPW","-","seq354","QTSQWDDPW"
"344.1","Singleton","QLSDVPMDL","-","seq356","QLSDVPMDL"
"345.1","Singleton","KMDSFLDMQL","-","seq457","KMDSFLDMQL"
"346.1","Singleton","IPFAMQMAY","-","seq486","IPFAMQMAY"
"347.1","Singleton","KLWAQCVQL","-","seq459","KLWAQCVQL"
"348.1","Singleton","PLFQVPEPV","-","seq362","PLFQVPEPV"
"349.1","Singleton","NYNYLYRLF","-","seq365","NYNYLYRLF"
"350.1","Singleton","NSASFSTFK","-","seq366","NSASFSTFK"
"351.1","Singleton","NGYNFFSTF","-","seq378","NGYNFFSTF"
"352.1","Singleton","MYVKWPWYV","-","seq379","MYVKWPWYV"
"353.1","Singleton","MLLSVPLLLG","-","seq385","MLLSVPLLLG"
"354.1","Singleton","LWMRLLPLL","-","seq397","LWMRLLPLL"
"355.1","Singleton","MHPAQTSQW","-","seq387","MHPAQTSQW"
"356.1","Singleton","LTTKLTNTNI","-","seq398","LTTKLTNTNI"
"357.1","Singleton","LRKRQLTVL","-","seq401","LRKRQLTVL"
"358.1","Singleton","LLLDRLNQL","-","seq430","LLLDRLNQL"
"359.1","Singleton","IIGWMWIPV","-","seq506","IIGWMWIPV"
"360.1","Singleton","IPSINVHHY","-","seq484","IPSINVHHY"
"361.1","Singleton","HSITYLLPV","-","seq517","HSITYLLPV"
"362.1","Singleton","GSENLKSLY","-","seq527","GSENLKSLY"
"363.1","Singleton","FQPQNGQFI","-","seq554","FQPQNGQFI"
"364.1","Singleton","CVNGSCFTV","-","seq607","CVNGSCFTV"
"365.1","Singleton","ATIGTAMYK","-","seq622","ATIGTAMYK"
"366.1","Singleton","ATAAATEAY","-","seq624","ATAAATEAY"
"367.1","Singleton","AQFSASASR","-","seq636","AQFSASASR"
"368.1","Singleton","APAAAAAAM","-","seq638","APAAAAAAM"
"369.1","Singleton","AAAIEEEDI","-","seq653","AAAIEEEDI"